LTLA Code,LTLA Name,Under 30,30-34,35-39,40-44,45-49,50-54,55-59,60-64,65-69,70-74,75-79,80+
E07000032,Amber Valley,40626,7927,7688,7597,8818,10214,10139,8677,7616,8226,5899,6919
E07000170,Ashfield,44536,9147,8492,7843,8338,9798,9502,7872,6746,6753,5333,6237
E07000171,Bassetlaw,40587,8112,7600,7180,7922,9393,9573,8103,6986,7352,5406,6565
E07000129,Blaby,35026,7089,7075,6664,6811,7619,7400,6527,5463,5802,4276,5714
E07000033,Bolsover,27665,5727,5307,4620,5410,6674,6277,5376,4496,4437,3493,3897
E07000136,Boston,27897,6297,5937,5256,5322,5480,5427,4730,4066,4031,2940,3954
E07000172,Broxtowe,39865,8927,8349,7448,7295,8346,8284,7109,6222,6874,4968,6557
E07000130,Charnwood,72938,13451,12722,11477,11542,12796,12254,10831,9528,9455,6955,9030
E07000034,Chesterfield,34354,6886,6617,6394,6960,7962,8205,7090,6118,6100,4524,5774
E07000150,Corby,30269,6863,7075,5844,5177,5549,5387,4464,3497,2909,2044,2470
E07000151,Daventry,30542,6256,5936,5865,6292,7284,7269,5894,5077,5240,3687,4305
E06000015,Derby,110525,21786,21437,19355,18544,18669,17509,14266,11810,11395,8266,12247
E07000035,Derbyshire Dales,20424,3482,3486,3886,4803,6055,6534,5823,5211,5590,4172,5219
E07000137,East Lindsey,41021,7797,7169,6935,8184,10733,12083,11800,11408,12462,9283,10780
E07000152,East Northamptonshire,32525,5833,5719,5906,6606,7595,7306,6009,5368,5777,4012,4870
E07000036,Erewash,38083,7986,7367,7055,7821,9069,8846,7272,6237,6497,4871,6139
E07000173,Gedling,39204,8155,7853,7830,7942,9079,8941,7618,6758,7049,4974,6872
E07000131,Harborough,31169,5521,5697,5931,6835,7727,7593,6429,5619,5897,4398,5569
E07000037,High Peak,29677,5989,5749,5596,6197,7643,7929,6900,5669,5664,4019,4787
E07000132,Hinckley and Bosworth,36947,7548,7496,7137,7683,8762,8516,7497,6769,7216,5236,6394
E07000153,Kettering,38946,7929,7639,7381,7641,8138,7431,6008,5296,5519,4013,4820
E06000016,Leicester,179235,34481,33818,29531,25789,24143,21472,18771,15006,11823,7613,11247
E07000138,Lincoln,45043,8587,7498,6562,6088,6359,6390,5278,4292,4126,2882,4154
E07000174,Mansfield,39442,8689,8365,7095,7220,8315,8448,7247,6084,5802,4374,5342
E07000133,Melton,16250,3047,2921,3094,3316,4227,4460,3696,3329,3469,2463,3038
E07000175,Newark and Sherwood,41469,8184,7846,7405,8158,9599,9662,8521,7372,7789,5710,7073
E07000038,North East Derbyshire,31823,6025,5868,5795,6511,7911,7928,7243,6516,6897,5497,6509
E07000139,North Kesteven,38853,7589,7398,6919,7735,9242,9302,7791,6789,7630,5866,7408
E07000134,North West Leicestershire,35142,6854,6762,6474,7317,8255,7798,6542,5769,6086,4384,4942
E07000154,Northampton,98940,22140,21479,19204,17728,17272,15820,12679,10343,10142,6907,9290
E06000018,Nottingham,171798,33725,28356,22856,20309,20079,18771,15001,11583,10170,7086,10490
E07000135,Oadby and Wigston,21766,3885,3842,3807,3739,4095,4136,3698,3064,3115,2408,3907
E07000176,Rushcliffe,40840,7389,7832,8212,8256,8980,8841,7443,6560,6932,5177,7192
E06000017,Rutland,13597,2338,2311,2358,2503,3003,2946,2737,2516,2852,2137,2889
E07000039,South Derbyshire,38019,7431,7238,6991,7551,8668,8020,6537,5832,5688,4041,4684
E07000140,South Holland,31534,6491,6206,5844,6336,7217,7439,6391,5769,6313,4574,6239
E07000141,South Kesteven,47270,8644,8753,8909,9972,11208,11311,9909,8764,9244,6927,8540
E07000155,South Northamptonshire,32350,6207,6109,6473,7250,8060,7856,6536,5344,5802,4095,4729
E07000156,Wellingborough,30784,6357,6325,6003,5944,6521,5984,5014,4424,4506,3223,3845
E07000142,West Lindsey,30010,5424,5388,5169,5929,7306,7788,7053,6426,6762,5103,5876
E07000200,Babergh,28106,5042,4940,5328,5960,7190,7295,6393,6040,6800,5162,6565
E07000066,Basildon,73660,15024,14675,13247,12887,13837,12961,10987,8722,9105,6276,8636
E06000055,Bedford,71219,14996,14810,14201,13320,13796,12859,10531,8699,8600,5962,8556
E07000067,Braintree,52724,10140,10012,9739,10713,12063,11247,9479,8454,9015,6349,7878
E07000143,Breckland,46055,9440,8707,8349,9000,10521,10983,9637,8974,9807,7280,9491
E07000068,Brentwood,27270,5513,5503,5438,5406,5904,5947,4752,3909,4057,3005,4822
E07000144,Broadland,39897,7605,7662,7859,8873,10174,10223,8984,8314,9293,6928,9695
E07000095,Broxbourne,36988,7496,7686,7253,6996,7633,7129,5823,4487,4659,3496,5124
E07000008,Cambridge,80967,21988,16591,12756,9942,8816,7690,6024,5089,4455,3264,4867
E07000069,Castle Point,30001,5625,5495,5268,5692,6794,6791,5992,5451,6573,4941,6133
E06000056,Central Bedfordshire,104795,21945,21912,20485,20203,21793,21778,18047,14783,14926,10749,13266
E07000070,Chelmsford,65206,13691,13497,13014,13100,13516,12583,10540,9064,9811,7059,9749
E07000071,Colchester,80630,15886,14621,13747,13250,13619,12615,10388,8922,9878,7072,9078
E07000096,Dacorum,57037,11878,12299,12138,11684,11596,11430,9616,7644,7239,5154,7642
E07000009,East Cambridgeshire,31750,6737,6843,6710,6867,6947,6610,5623,4912,5128,3664,4975
E07000242,East Hertfordshire,55024,10551,10682,11044,11738,12104,11527,9323,7455,7683,5329,7571
E07000244,East Suffolk,76994,14349,13837,13856,15576,18493,19369,18216,16939,18912,14127,18941
E07000072,Epping Forest,47788,9714,9798,9702,9515,10538,10330,8523,7026,7228,5280,7477
E07000010,Fenland,35959,7524,7094,6509,6859,7927,7998,7012,6383,6431,4787,6215
E07000145,Great Yarmouth,35402,7097,6570,6206,6631,7725,7898,7004,6407,6799,5072,6222
E07000073,Harlow,37237,8328,8219,7259,6220,6486,6258,5268,4192,3548,2489,3800
E07000098,Hertsmere,41532,8013,8717,8837,8318,8297,8152,6499,5242,5215,3851,5873
E07000011,Huntingdonshire,62381,13559,13307,12642,13101,14221,13910,11825,10009,10539,7659,9322
E07000202,Ipswich,56657,12773,12533,11278,10091,9981,9269,7755,6551,6153,4321,6524
E07000146,King's Lynn and West Norfolk,49212,10244,9475,8756,9788,11183,11924,10774,10020,10850,8297,10920
E06000032,Luton,105452,21537,21285,19343,16109,15307,13753,10964,8413,6870,5090,7786
E07000074,Maldon,20569,3585,3532,3581,4323,5456,5425,4937,4306,4773,3488,4244
E07000203,Mid Suffolk,32113,6175,5939,5782,6681,7851,8315,7413,6862,7334,5271,6679
E07000099,North Hertfordshire,46483,9393,9811,10068,10129,10030,9950,8084,6704,6888,5079,7572
E07000147,North Norfolk,27366,5020,4928,4816,5854,7333,8290,8692,8428,9549,7072,9635
E07000148,Norwich,65832,14291,12705,10543,9418,9151,8316,6907,6135,5857,4185,5943
E06000031,Peterborough,96632,21575,21388,18562,16183,15425,13869,11549,9366,8502,5852,8390
E07000075,Rochford,28733,5289,5197,5324,5848,6845,6714,5697,4885,5658,4181,5644
E07000012,South Cambridgeshire,58720,11350,12251,12964,12764,12583,11925,9812,8472,8756,6540,8906
E07000149,South Norfolk,45565,8587,8934,8709,9553,10412,10742,9496,8601,9534,7196,9440
E06000033,Southend-on-Sea,66288,13199,13761,13352,13327,13536,13376,11071,9276,9540,7005,9876
E07000240,St Albans,56773,10241,11488,13095,13113,12369,10873,8581,6814,6812,5050,7703
E07000243,Stevenage,34622,8036,7544,6636,6042,6667,6673,5326,3919,3556,2584,3831
E07000076,Tendring,45590,8362,7390,7541,8584,10588,11495,11076,10559,12261,9323,12170
E07000102,Three Rivers,34584,6360,7124,7780,7688,7696,7335,5815,4669,4662,3392,5009
E06000034,Thurrock,72026,14714,14763,13321,12437,12476,11200,8781,7026,7030,4542,5940
E07000077,Uttlesford,32203,5716,6201,6375,6562,7350,7091,5968,4947,5084,3752,4957
E07000103,Watford,41601,10300,10384,9711,8276,7565,6475,5096,3883,3449,2563,3681
E07000241,Welwyn Hatfield,50617,9788,9617,8988,8040,8290,8056,6654,5116,4803,3594,5733
E07000245,West Suffolk,57502,12595,12066,11604,11674,12900,12580,10664,9450,10340,7840,10336
E09000002,Barking and Dagenham,107122,21750,21987,19751,17038,15476,12759,9587,6678,5173,3522,5313
E09000003,Barnet,166968,38991,38540,36419,31645,28750,25344,21077,17053,15587,11189,16652
E09000004,Bexley,93941,18715,19006,18097,16930,17976,17419,14236,11099,10812,7997,12056
E09000005,Brent,163152,44349,41566,35807,29925,27693,23947,19301,14046,10708,7680,11320
E09000006,Bromley,120582,25305,27568,27551,25763,25761,24118,19384,15317,16057,11574,17449
E09000007,Camden,115693,34653,28470,22797,19016,16767,14138,11000,8317,7372,5319,6794
E09000001,City of London,3278,1382,1099,738,694,658,614,491,386,351,232,294
E09000008,Croydon,165399,38287,37931,34165,30246,30460,28850,22585,16767,14720,10317,15204
E09000009,Ealing,166097,43611,43133,39814,33580,29674,25522,20049,15380,12538,8623,12404
E09000010,Enfield,144485,28695,29196,28618,25856,25356,23232,18703,13946,11958,8683,13304
E09000011,Greenwich,124798,32839,30869,26858,21969,20594,17634,13695,10130,8521,5879,7494
E09000012,Hackney,130624,45002,35392,26387,20165,18099,16093,11885,8124,6037,3824,5166
E09000013,Hammersmith and Fulham,91698,32226,26848,21013,16931,14930,12437,9088,6774,5830,4053,5375
E09000014,Haringey,119228,36308,32603,27975,24041,22080,19123,13982,10041,7843,5320,7338
E09000015,Harrow,112663,26470,26794,24236,19893,18513,17271,15113,12495,10598,7779,11912
E09000016,Havering,98443,20401,20404,18483,17142,18185,17848,15538,12320,12562,8947,13524
E09000017,Hillingdon,134245,29558,30637,28166,23787,22726,20645,16501,12762,11140,7853,12352
E09000018,Hounslow,127861,34392,36251,31622,25271,21978,18870,15190,11824,9702,6595,8865
E09000019,Islington,107419,41030,29763,21117,16204,15173,13669,10038,7251,6040,4006,5279
E09000020,Kensington and Chelsea,64367,19908,18056,16509,15602,14551,13126,9725,7325,6582,4743,6052
E09000021,Kingston upon Thames,73583,15952,16246,16422,15166,13567,11670,9224,7376,7024,4831,6720
E09000022,Lambeth,154214,53099,40377,32738,27059,25345,22316,16004,10715,7930,5189,7562
E09000023,Lewisham,129555,37357,34302,29181,24202,22827,20863,15083,10127,7787,5513,8061
E09000024,Merton,91851,24651,25245,23566,19545,17329,14774,11735,8877,7655,5211,7937
E09000025,Newham,185639,53500,47097,36736,28579,24778,19931,15349,10550,7092,4438,6213
E09000026,Redbridge,139274,32058,33098,29119,23697,21361,18682,15653,12253,10352,7037,10722
E09000027,Richmond upon Thames,77323,15465,17826,20444,19797,17958,15698,11783,9290,9283,6482,8490
E09000028,Southwark,147691,47457,38005,30297,25587,24168,21298,15605,9896,7510,4906,6879
E09000029,Sutton,80132,16217,18126,18594,16476,15688,14506,11277,9046,8657,6084,8972
E09000030,Tower Hamlets,170192,57755,43051,30044,20833,16019,12384,9783,6904,4772,3076,4646
E09000031,Waltham Forest,120916,35090,33623,28205,23067,21016,17752,13599,9835,7751,5456,7808
E09000032,Wandsworth,155501,54459,44836,36845,28740,23661,19520,14263,10413,9319,6239,8809
E09000033,Westminster,100096,33896,28753,24186,21086,19058,16537,12515,9118,7740,5555,7224
E06000047,County Durham,190025,35036,33733,31579,33413,39639,40748,36043,31511,30964,21836,27654
E06000005,Darlington,38067,7521,7245,7151,7381,8247,8187,7257,6120,6100,4228,5948
E08000037,Gateshead,70353,14741,14373,12976,12893,14527,14779,12971,10829,10851,7442,11042
E06000001,Hartlepool,34122,6571,6197,5608,5818,6960,7422,6478,5385,5180,3274,4704
E06000002,Middlesbrough,63821,13035,11646,9709,9179,9692,10067,9195,7478,6559,4351,6192
E08000021,Newcastle upon Tyne,141463,30465,25202,20390,18338,18277,18529,16302,13093,12080,7920,12105
E08000022,North Tyneside,69928,14825,15190,14500,14327,15271,15737,13970,12360,11910,7877,11045
E06000057,Northumberland,98682,18541,18735,18403,20391,23968,26378,25119,22809,23123,15856,20076
E06000003,Redcar and Cleveland,46023,8756,8445,7794,8498,10365,11096,9807,8492,8711,6312,8177
E08000023,South Tyneside,51877,11431,10723,9740,9827,11275,11871,10880,8979,8474,5610,8090
E06000004,Stockton-on-Tees,73022,14324,14086,12674,12750,14392,14526,13121,10976,10394,6903,9116
E08000024,Sunderland,97656,20885,19430,17451,18278,20950,21087,19570,16429,15712,10337,14431
E07000026,Allerdale,30312,5609,5579,5375,6119,7879,7841,7272,6417,6788,4596,6219
E07000027,Barrow-in-Furness,23313,4692,4223,3744,4334,5286,5315,4563,3926,4103,3004,3648
E06000008,Blackburn with Darwen,67796,12175,12395,11200,10897,11119,9950,8440,6992,6348,4133,5482
E06000009,Blackpool,51157,10947,9943,8854,9589,11497,11863,9912,8033,8130,5925,7885
E08000001,Bolton,121537,23080,22592,20382,20463,21766,20336,16923,14250,14479,10202,12601
E07000117,Burnley,36418,7161,6724,6044,6084,6653,6576,5752,4773,4854,3312,3922
E08000002,Bury,73595,14882,14856,13279,13364,14318,14221,11770,9790,10210,7137,9108
E07000028,Carlisle,36493,7288,7297,6536,7130,8088,8421,7815,6526,6523,4494,6315
E06000049,Cheshire East,130883,26113,26451,25498,27899,31466,31774,26633,22927,24695,18239,24278
E06000050,Cheshire West and Chester,121422,24446,24099,22388,24261,27204,27887,23598,20281,20911,15112,20304
E07000118,Chorley,39404,8032,8128,7735,8307,9341,8976,7545,6529,7005,4960,5780
E07000029,Copeland,21347,4202,4044,3688,4250,5232,5839,5187,4412,4390,3045,3871
E07000030,Eden,15220,2896,2866,2811,3337,4309,4746,4359,3852,3969,2794,3671
E07000119,Fylde,23496,4723,4883,4530,5021,6327,6976,6469,5619,6114,4748,6394
E06000006,Halton,48197,9579,9526,8647,9023,9729,9686,8474,7452,7223,4342,5303
E07000120,Hyndburn,31833,6093,5692,5099,5388,6193,5798,4964,4152,4299,3024,3666
E08000011,Knowsley,60328,13075,11674,9660,9827,11602,12666,11118,8535,7056,4471,6671
E07000121,Lancaster,61426,10180,9834,8809,8793,10158,10543,9329,8077,8186,5844,7907
E08000012,Liverpool,221841,47472,41846,34540,31342,33160,34208,29983,23759,20721,13496,18751
E08000003,Manchester,295802,63734,56508,47503,39627,36831,31411,25061,18353,14871,9796,13324
E08000004,Oldham,101993,18625,18037,16600,16075,17242,15995,13309,11283,10872,7724,9622
E07000122,Pendle,38485,7345,7262,6435,6291,6664,6453,5861,4993,5066,3343,4218
E07000123,Preston,66994,12897,11705,10532,10029,10307,9876,8186,6415,5841,4089,5906
E07000124,Ribble Valley,19469,3501,3463,3490,4107,5146,5364,4725,3878,4112,3029,3943
E08000005,Rochdale,91906,17984,17328,15776,15282,16401,15483,13276,11260,10604,7104,8845
E07000125,Rossendale,25283,4942,4734,4607,4956,5698,5535,4592,3950,3992,2607,3095
E08000006,Salford,119230,28286,24299,19266,16898,17195,16255,13519,10234,10323,7075,9471
E08000014,Sefton,91469,19067,18442,16688,17709,20912,22589,20356,17160,16681,12425,18580
E07000031,South Lakeland,30167,5937,5969,5825,6688,8228,8945,8245,7273,8040,5930,7970
E07000126,South Ribble,37055,7436,7109,6952,7726,8662,8840,7272,6457,6818,4766,6129
E08000013,St. Helens,63452,13169,12517,11304,12516,13954,13770,11791,10132,10595,7554,9456
E08000007,Stockport,104101,22225,22361,21142,20572,21849,21549,18505,15846,16066,11683,16884
E08000008,Tameside,87888,18339,17255,15448,15775,17734,17356,14348,11617,11812,8061,9763
E08000009,Trafford,89090,17346,19694,19193,18028,17845,17135,13979,11348,11083,8135,11984
E06000007,Warrington,75088,15499,15830,14991,15256,17070,16793,13402,11108,10947,8281,10506
E07000127,West Lancashire,39222,6958,6841,6490,7387,8911,9312,7919,6780,7150,5293,6664
E08000010,Wigan,115771,23985,22996,20571,22351,25952,24000,20212,17114,18461,13540,14811
E08000015,Wirral,111572,22269,21341,19925,21218,24107,25118,22352,19456,19361,13526,19028
E07000128,Wyre,33775,6349,6264,5900,6651,8277,9087,8508,7797,8523,6338,8544
E07000223,Adur,20898,4035,4184,4356,4629,4864,4724,4112,3670,4104,3124,4470
E07000224,Arun,49421,10351,9817,9332,10001,11966,12552,11559,10980,12729,9773,13770
E07000105,Ashford,49624,9595,9073,8726,9042,10349,9663,7893,6885,7441,5529,6702
E07000084,Basingstoke and Deane,65945,14478,14376,13578,13536,14254,13546,10811,8768,9106,6482,8167
E06000036,Bracknell Forest,47300,9907,10192,9846,9454,9522,8853,7298,5790,5150,3614,4848
E06000043,Brighton and Hove,118949,29092,25830,23945,23700,23215,20313,15030,11794,10926,7517,10998
E06000060,Buckinghamshire,200972,36990,39054,40513,40321,42563,40964,34062,27700,27593,20777,29503
E07000106,Canterbury,67499,10689,9787,9338,9786,10631,10754,9622,8891,9584,6995,9377
E07000177,Cherwell,59174,13653,13420,12140,11475,12274,11929,9618,7860,7825,5519,7699
E07000225,Chichester,39500,7516,7144,7093,7749,8951,9825,9179,8272,8929,7036,9933
E07000226,Crawley,46536,11059,11085,9848,8402,8245,7550,6450,4861,4293,2718,4231
E07000107,Dartford,45366,9670,10052,9025,8043,7954,7290,5817,4520,4409,3063,4552
E07000108,Dover,39097,7197,6872,6503,6991,8385,9088,8286,7552,7707,5694,7050
E07000085,East Hampshire,40811,7262,7335,7824,8667,9920,10224,9021,7444,7868,5916,8096
E07000061,Eastbourne,35010,6901,6786,6544,6772,7390,7575,6729,6007,6716,4956,7769
E07000086,Eastleigh,47157,9758,9590,9327,9121,9842,9674,8410,7140,7177,5197,7411
E07000207,Elmbridge,54455,8807,10517,12656,12731,12099,10988,8588,6774,6666,4993,7756
E07000208,Epsom and Ewell,30486,5438,6270,6762,6591,6238,5849,4690,3833,4106,2979,4238
E07000087,Fareham,36917,7349,7158,6941,7552,8730,9259,8135,6723,7432,5809,8157
E07000112,Folkestone and Hythe,36292,6832,6452,6627,6979,8302,8763,7785,7067,7903,5626,7172
E07000088,Gosport,28438,5433,5292,4816,5085,6021,6229,5533,4667,4913,3498,4746
E07000109,Gravesham,42914,8573,8517,7647,7364,7964,7558,6042,5058,5005,3699,5260
E07000209,Guildford,57448,10387,10251,10347,10670,10512,10317,8290,6707,6830,4946,7364
E07000089,Hart,35411,6526,6899,7223,7888,7822,7566,5972,4832,5330,4159,5600
E07000062,Hastings,32368,6667,6403,6029,6194,7334,7308,6142,5428,5258,3598,4524
E07000090,Havant,41218,8118,7659,6919,7466,9216,9697,8922,7604,8023,6096,8730
E07000227,Horsham,48946,8995,9232,9540,10116,11557,11812,10082,8580,9094,6781,9464
E06000046,Isle of Wight,41355,8024,7554,7598,8419,10787,11600,10861,10629,11367,8756,10617
E07000063,Lewes,31940,5974,5959,6045,6746,7845,7928,7057,6577,7131,5346,7690
E07000110,Maidstone,62594,13100,12681,11907,12022,12887,12319,10240,8712,9406,6731,8986
E06000035,Medway,109831,21945,21057,19688,18564,19907,19438,16240,13321,13262,9079,11212
E07000228,Mid Sussex,52320,9880,10580,11042,11502,11800,11158,9222,8091,8360,6498,8986
E06000042,Milton Keynes,114867,24830,25965,25076,22165,20848,18368,15440,12843,11533,7436,9044
E07000210,Mole Valley,29227,4993,5407,6035,6673,7278,7366,6256,5362,5315,4226,6351
E07000091,New Forest,52053,9565,9555,9768,10912,13258,14636,13282,12427,13814,10524,15501
E07000178,Oxford,100819,21374,16667,13283,10979,10161,9281,7281,5747,5222,3788,5420
E06000044,Portsmouth,92774,20300,18921,15358,14127,14698,13876,11331,8799,8446,6063,8420
E06000038,Reading,78021,19722,18953,16413,13431,12110,10589,8300,6325,5646,4200,6037
E07000211,Reigate and Banstead,55149,11505,12042,12037,11494,11302,11052,8881,7086,7352,5212,7896
E07000064,Rother,26988,4656,4488,4503,5359,6870,7723,7383,7119,8413,6340,8809
E07000212,Runnymede,35745,6524,6495,6589,6690,6612,6427,5198,4061,4008,3060,4702
E07000092,Rushmoor,37974,9660,8667,7586,7040,7379,7057,5338,4303,4334,3206,3900
E07000111,Sevenoaks,42665,7179,7803,8268,8647,9236,9051,7643,6559,7043,5286,7450
E06000039,Slough,72244,15651,17330,15795,12473,10614,8805,7404,5583,4123,2621,4121
E07000179,South Oxfordshire,51162,10356,10390,10371,10823,11942,11356,9367,7879,8040,6436,8683
E06000045,Southampton,115772,25661,22866,19764,16907,15578,14868,12652,10192,9272,6792,9018
E07000213,Spelthorne,37130,8363,8518,8245,7531,7962,7861,6232,4873,4877,3741,5739
E07000214,Surrey Heath,32064,6120,6351,6632,7036,7442,7182,5769,4627,4693,3663,5310
E07000113,Swale,56523,11741,10919,9997,9971,11123,11162,9263,7831,8457,5874,6996
E07000215,Tandridge,30843,5535,5984,6131,6413,7040,6891,5807,4827,4877,3755,5338
E07000093,Test Valley,43379,8510,8562,8460,9085,9932,9973,8398,7001,7669,5714,7454
E07000114,Thanet,49268,9399,9048,8563,8948,10149,10391,9399,8746,9429,6868,8682
E07000115,Tonbridge and Malling,47457,8533,8718,9060,9762,10105,9742,7872,6469,6972,5220,6983
E07000116,Tunbridge Wells,42225,7760,8123,8369,8969,9309,8492,7034,5689,6090,4593,6557
E07000180,Vale of White Horse,49455,10344,10478,9978,9855,10296,10158,8707,7231,7455,5541,7835
E07000216,Waverley,46235,7327,8297,9161,10072,10295,9618,8155,6855,7242,5819,8801
E07000065,Wealden,50246,8702,8556,8848,10390,12422,13136,11804,10559,11673,8963,11688
E06000037,West Berkshire,57106,10674,11213,11372,12167,13223,12301,10319,8677,8756,6423,8151
E07000181,West Oxfordshire,38950,7979,7841,7716,7915,8769,8772,7432,6347,6596,5061,7009
E07000094,Winchester,47788,7840,8150,8553,8942,9380,9351,8023,6709,7042,5390,7821
E06000040,Windsor and Maidenhead,55914,10862,12054,12772,12703,12707,11703,9537,7581,7574,5708,8393
E07000217,Woking,39941,8518,9242,9362,8568,7913,7291,5869,4786,4622,3348,5151
E06000041,Wokingham,66005,11787,13589,14816,14351,13325,12507,10299,8137,8308,6223,8647
E07000229,Worthing,36385,7673,7613,7603,7923,8505,8273,6959,5972,6677,4915,7600
E06000022,Bath and North East Somerset,79687,13511,12132,11730,12404,13387,13314,11377,9802,10132,7507,10963
E06000058,"Bournemouth, Christchurch and Poole",141534,31388,31186,28975,27554,29175,28699,24903,21799,23201,17511,26313
E06000023,"Bristol, City of",212511,52564,45833,37430,31448,29569,27598,22232,18081,16661,11745,16748
E07000078,Cheltenham,44801,9231,9138,8149,7886,8286,8445,7064,5908,5955,4544,7090
E06000052,Cornwall,184246,35004,33601,33385,36547,42285,44805,41594,38193,40857,29752,36752
E07000079,Cotswold,28302,5021,5223,5369,6132,7159,7633,6759,6155,6390,4906,6527
E06000059,Dorset,113017,20238,20020,20146,22922,28039,30810,29600,27595,30812,23092,31937
E07000040,East Devon,43825,7820,7892,7897,8942,10637,11114,10694,10478,11984,9436,13475
E07000041,Exeter,60277,10503,9708,8284,7845,8201,7644,6573,5747,5790,4302,6338
E07000080,Forest of Dean,27994,5105,4769,4470,5346,6727,7129,6371,5878,6099,4476,5518
E07000081,Gloucester,50446,10369,9808,8715,8504,9587,9268,7765,6103,5837,4520,5985
E06000053,Isles of Scilly,805,200,185,176,146,160,179,140,123,144,132,162
E07000187,Mendip,39246,7155,7034,7087,8038,9625,9612,8248,7410,7732,5577,7395
E07000042,Mid Devon,27583,4798,4997,4846,5336,6349,6574,5807,5296,5481,4065,5245
E07000043,North Devon,32183,5999,5571,5728,6306,7590,8045,7401,6436,7019,5380,6951
E06000024,North Somerset,72031,13685,14414,14367,14996,16321,16534,14023,12871,14144,10884,14668
E06000026,Plymouth,105312,21057,19363,16890,16803,18393,18091,15924,13292,13422,9884,13197
E07000188,Sedgemoor,41454,7932,7668,7199,7982,9630,10016,8652,7820,8414,6113,7908
E07000246,Somerset West and Taunton,50732,10120,9833,9125,9768,11371,12090,11112,10374,10771,8249,11432
E06000025,South Gloucestershire,110000,22313,21553,19754,19385,21334,20710,16675,13882,14358,11497,15356
E07000044,South Hams,25990,4643,4697,4848,5397,6735,7577,7312,6614,7085,5076,6428
E07000189,South Somerset,56443,11003,10221,9701,10847,12757,13410,12069,11262,12293,9040,11711
E07000082,Stroud,39208,7073,7114,7405,8482,9650,9627,8708,7569,7864,5634,7509
E06000030,Swindon,86999,18629,18827,17279,16983,17349,16581,13649,10896,10084,7117,9796
E07000045,Teignbridge,40819,7825,7688,7557,8414,10248,11210,10149,9589,10083,7603,9804
E07000083,Tewkesbury,32455,6649,6366,6127,6152,6902,7184,6131,5629,5765,4386,5814
E06000027,Torbay,43534,8416,7932,7645,8592,10510,11084,10121,9412,10100,7643,10311
E07000046,Torridge,20323,3671,3423,3564,4088,5240,5683,5585,5169,5510,4007,4861
E07000047,West Devon,16241,2805,2869,2949,3441,4337,4930,4611,4212,4476,3379,4270
E06000054,Wiltshire,178107,33872,32794,31291,34506,38598,39073,34148,29504,30373,22647,30392
E08000025,Birmingham,547702,108527,102508,91496,80547,78489,69713,57564,45472,39179,28993,43311
E07000234,Bromsgrove,33440,6062,6174,6280,6906,7809,7616,6467,5807,5864,4676,6511
E07000192,Cannock Chase,34423,7129,6653,5838,6676,7994,7696,6259,5432,5442,4059,4859
E08000026,Coventry,174563,32435,30033,26194,23595,24019,21592,17854,14318,13179,10303,14735
E08000027,Dudley,115658,22539,21426,19895,21034,24398,22934,19067,17040,17204,13905,18386
E07000193,East Staffordshire,45475,9661,9148,8347,8377,9425,9067,7842,6345,6334,4756,6110
E06000019,"Herefordshire, County of",58269,11998,11422,10808,11899,14273,15161,13996,12758,13183,9835,13256
E07000194,Lichfield,33882,6581,6575,6669,7375,8540,8169,6814,6247,6975,5798,6538
E07000235,Malvern Hills,23917,4107,3950,4323,4863,6113,6691,6121,5531,6073,4505,6174
E07000195,Newcastle-under-Lyme,44612,8243,7895,7515,8035,9329,9204,8198,7054,7413,5393,7315
E07000218,North Warwickshire,21441,4377,4090,3761,4367,5309,5254,4565,3837,4029,3000,3635
E07000219,Nuneaton and Bedworth,48823,10443,9778,8774,8950,9980,9572,8173,7072,7091,5374,6434
E07000236,Redditch,31664,6866,6721,6296,5840,6144,5802,5276,4993,4784,3195,3528
E07000220,Rugby,41703,9178,9210,8397,8214,8546,8154,6528,5319,5535,4518,5740
E08000028,Sandwell,144324,28461,27837,25373,24338,24919,22389,18328,14631,13154,10021,13700
E06000051,Shropshire,100849,19181,18169,17483,20430,24692,25894,23236,21139,22007,17074,21941
E08000029,Solihull,78651,14732,14928,14381,14876,16625,16344,13586,11200,12288,9619,13185
E07000196,South Staffordshire,34549,6714,6613,6167,7057,8671,9075,8077,6974,7362,6024,7560
E07000197,Stafford,44425,9618,9414,8896,9311,10792,10478,9150,8059,8471,6729,8370
E07000198,Staffordshire Moorlands,29010,5317,5285,5197,6271,7997,7791,6984,6388,7045,5262,6483
E06000021,Stoke-on-Trent,104301,22161,20307,17508,17127,18238,17302,15120,12846,12219,8884,11440
E07000221,Stratford-on-Avon,42529,8568,8453,8517,9487,10989,11215,9804,8559,9169,7348,9472
E07000199,Tamworth,28336,6031,5603,5054,5449,6046,5400,4825,4420,4308,3033,3370
E06000020,Telford and Wrekin,71368,13650,13212,12178,12782,14011,13170,10746,9484,9243,6625,7864
E08000030,Walsall,115700,21750,20917,19117,18541,20414,18927,16151,13366,12769,10050,14334
E07000222,Warwick,52362,12426,11931,11033,10550,10759,10330,8479,7365,7415,5795,7974
E08000031,Wolverhampton,111187,22994,22006,19919,19264,19960,18087,15158,12619,11204,8464,12942
E07000237,Worcester,38330,8257,7619,7226,7130,7800,7442,5940,5140,4972,3603,4825
E07000238,Wychavon,41528,8334,8141,7837,8628,10370,10678,9291,8585,9097,6773,8769
E07000239,Wyre Forest,32390,6293,6066,5818,6763,8015,7864,6567,6429,7286,5680,6516
E08000016,Barnsley,87554,18338,17089,14920,16156,19577,18616,16085,13644,13252,9651,11617
E08000032,Bradford,242190,45055,45192,41022,37343,37264,34258,30354,25177,22884,14578,22119
E08000033,Calderdale,77378,14892,14818,14039,14898,16887,15991,13614,11273,11372,7796,9678
E07000163,Craven,16682,3063,3057,3180,3653,4619,4820,4604,4210,4277,3202,4154
E08000017,Doncaster,114321,24377,22609,19832,20040,23031,23188,20437,17041,16639,11661,15649
E06000011,East Riding of Yorkshire,104536,19421,19309,19073,22461,26415,27930,25496,23529,25750,18025,23828
E07000164,Hambleton,26637,4956,4868,4853,5400,7070,7912,7047,6331,6740,4933,6621
E07000165,Harrogate,55386,9993,10518,10730,11483,13372,13595,11805,9864,10463,7579,10913
E06000010,"Kingston upon Hull, City of",108994,23425,21250,17774,17972,18542,18229,15593,12565,11566,7205,10037
E08000034,Kirklees,172285,31982,31201,29508,29973,32543,29886,25434,21591,21638,15013,19464
E08000035,Leeds,356175,74055,68802,60491,55132,55074,51478,43184,35109,35163,24400,34886
E06000012,North East Lincolnshire,56731,11559,10571,9253,10167,11744,12300,10535,8974,8979,6281,8962
E06000013,North Lincolnshire,58870,11775,11375,10180,11009,13144,13437,11827,10256,10361,7351,9548
E07000166,Richmondshire,20396,3840,3294,2888,2989,3785,3926,3714,3206,3300,2300,2956
E08000018,Rotherham,97549,19174,18138,16483,17562,20324,19340,16935,14320,14321,10675,13286
E07000167,Ryedale,16163,3012,3000,2900,3438,4290,4774,4318,3990,4149,3038,4029
E07000168,Scarborough,33506,6879,6228,5811,6709,8067,9053,8673,7899,8356,5952,7842
E07000169,Selby,30644,6279,6018,5750,6277,7191,7330,6448,5325,5492,3743,4475
E08000019,Sheffield,249539,47311,41325,36777,35843,39440,36769,30972,25573,25085,19069,26602
E08000036,Wakefield,128903,27691,26342,22905,24269,27774,26266,22367,18992,18747,13330,16422
E06000014,York,81518,15866,15035,13806,13241,14351,13759,11778,10053,10718,7586,10983
